text_raw,text_partial_preprocessed,page_num,cosine_similarity_score,relevant_keywords
"The Group uses derivative financial instruments such as forward foreign exchange contracts to hedge risks associated with 
foreign exchange fluctuations.",The Group uses derivative financial instruments such as forward foreign exchange contracts to hedge risks associated with foreign exchange fluctuations.,138,20.665709,"foreign, contracts, forward, hedge, risks"
"The Company uses derivative financial instruments such as forward foreign exchange contracts to hedge risks associated 
with foreign exchange fluctuations.",The Company uses derivative financial instruments such as forward foreign exchange contracts to hedge risks associated with foreign exchange fluctuations.,195,24.522436,"foreign, contracts, forward, hedge, risks"
The Group manages its transactional exposures to foreign currency risks through the use of forward exchange contracts.,The Group manages its transactional exposures to foreign currency risks through the use of forward exchange contracts.,176,24.744322,"currency, foreign, forward, risks"
Derivative financial instruments may be purchased to hedge the Group’s exposure to changes in foreign exchange rates.,Derivative financial instruments may be purchased to hedge the Group’s exposure to changes in foreign exchange rates.,138,29.23259,"exposure, foreign, hedge"
"Foreign currency risk
Foreign currency risk arises both where sale or purchase transactions are undertaken in currencies other than the 
respective functional currencies of Group companies (transactional exposures) and where the results of overseas 
companies are consolidated into the Group’s reporting currency of Sterling (translational exposures).",Foreign currency risk Foreign currency risk arises both where sale or purchase transactions are undertaken in currencies other than the respective functional currencies of Group companies (transactional exposures) and where the results of overseas companies are consolidated into the Group’s reporting currency of Sterling (translational exposures).,176,32.030804,"risk, currency, currencies"
"Where appropriate, the Group manages its foreign currency exposures using derivative 
financial instruments.","Where appropriate, the Group manages its foreign currency exposures using derivative financial instruments.",176,34.786263,"currency, foreign"
"Transactional 
exposures arise where the currency of 
sale or purchase invoices differs from 
the functional currency in which each 
company prepares its local accounts.",Transactional exposures arise where the currency of sale or purchase invoices differs from the functional currency in which each company prepares its local accounts.,49,35.52273,currency
"The US Dollar, Euro, Danish Krone 
and Chinese Yuan Renminbi represent the main foreign exchange translational exposures for the Group.","The US Dollar, Euro, Danish Krone and Chinese Yuan Renminbi represent the main foreign exchange translational exposures for the Group.",181,35.549522,foreign
"The transactional exposures include 
situations where foreign currency 
denominated trade receivables, trade 
payables and cash balances are held.","The transactional exposures include situations where foreign currency denominated trade receivables, trade payables and cash balances are held.",49,37.04398,"currency, foreign"
"In the course of its business, 
the Group is exposed to foreign currency risk, interest rate risk, liquidity risk and credit risk.","In the course of its business, the Group is exposed to foreign currency risk, interest rate risk, liquidity risk and credit risk.",176,37.1135,"risk, foreign, rate, currency"
"The Group’s translational exposures to foreign currency risks can relate both to the Consolidated Income Statement and net 
assets of overseas subsidiaries.",The Group’s translational exposures to foreign currency risks can relate both to the Consolidated Income Statement and net assets of overseas subsidiaries.,176,38.26666,"currency, foreign, risks"
"The Group finances overseas company investments partly 
through the use of foreign currency borrowings in order to provide a natural hedge of foreign currency risk arising on 
translation of the Group’s foreign currency subsidiaries.",The Group finances overseas company investments partly through the use of foreign currency borrowings in order to provide a natural hedge of foreign currency risk arising on translation of the Group’s foreign currency subsidiaries.,176,38.455376,"risk, foreign, currency, hedge"
"The fair value of forward exchange contracts outstanding as at 31 December 2021 is a net liability of £0.9m (2020: net asset 
of £1.8m), of which £3.4m has been credited to the hedging reserve (2020: £1.7m credited) and £2.1m credited to the 
Consolidated Income Statement (2020: £0.1m credited).","The fair value of forward exchange contracts outstanding as at 31 December 2021 is a net liability of £0.9m (2020: net asset of £1.8m), of which £3.4m has been credited to the hedging reserve (2020: £1.7m credited) and £2.1m credited to the Consolidated Income Statement (2020: £0.1m credited).",179,38.759586,"forward, contracts, hedging"
"After matching the currency of revenue 
with the currency of costs, wherever 
practical, forward exchange contracts 
are used to hedge a proportion of the 
remaining forecast net transaction 
cash flows where there is reasonable 
certainty of an exposure.","After matching the currency of revenue with the currency of costs, wherever practical, forward exchange contracts are used to hedge a proportion of the remaining forecast net transaction cash flows where there is reasonable certainty of an exposure.",49,39.66191,"currency, contracts, forward, hedge"
"The Group’s policy is not to hedge the translational exposure that arises on consolidation of 
the Consolidated Income Statement of overseas subsidiaries.",The Group’s policy is not to hedge the translational exposure that arises on consolidation of the Consolidated Income Statement of overseas subsidiaries.,176,40.094307,"exposure, hedge"
"The Group is therefore exposed to the changes in foreign currency exchange rates between a number of  
different currencies, but the Group’s primary exposures relate to the US Dollar, Euro, Danish Krone, Chinese Yuan  
Renminbi and Japanese Yen.","The Group is therefore exposed to the changes in foreign currency exchange rates between a number of different currencies, but the Group’s primary exposures relate to the US Dollar, Euro, Danish Krone, Chinese Yuan Renminbi and Japanese Yen.",176,40.302887,"currency, foreign"
"Exchange differences on foreign currency borrowings 
designated as a hedge of the net investment in a foreign operation are reported in the Consolidated Statement of 
Comprehensive Income.",Exchange differences on foreign currency borrowings designated as a hedge of the net investment in a foreign operation are reported in the Consolidated Statement of Comprehensive Income.,138,40.49953,"currency, foreign, hedge"
"the 
notional amount, life and the underlying) of the forward exchange contracts and their corresponding hedged items are  
the same, the Group performs a qualitative assessment of effectiveness and it is expected that the value of the forward 
contracts and the value of the corresponding hedged items will systematically change in opposite directions in response  
to movements in the underlying exchange rates.","the notional amount, life and the underlying) of the forward exchange contracts and their corresponding hedged items are the same, the Group performs a qualitative assessment of effectiveness and it is expected that the value of the forward contracts and the value of the corresponding hedged items will systematically change in opposite directions in response to movements in the underlying exchange rates.",176,41.02027,"contracts, forward"
"Foreign currency translation
The functional currency of the Company is Pounds Sterling and is determined with reference to the currency of the primary 
economic environment in which it operates.",Foreign currency translation The functional currency of the Company is Pounds Sterling and is determined with reference to the currency of the primary economic environment in which it operates.,195,41.275963,currency
"Foreign currency forward contract assets and liabilities  
are presented in the line ‘Derivative financial instruments’ (either as assets or liabilities) within the Consolidated Statement 
of Financial Position.",Foreign currency forward contract assets and liabilities are presented in the line ‘Derivative financial instruments’ (either as assets or liabilities) within the Consolidated Statement of Financial Position.,177,41.27891,"currency, forward"
"Forward exchange contracts are used to hedge highly probable transactions which can be forecast to occur typically up  
to 18 months into the future.",Forward exchange contracts are used to hedge highly probable transactions which can be forecast to occur typically up to 18 months into the future.,176,41.668064,"contracts, hedge"
"Transactional foreign exchange losses 
of £0.3 million (2020: £1.1 million losses) 
were included in administrative 
expenses, whilst sales include a gain  
of £2.1 million (2020: £0.2 million gain) 
arising on forward exchange contracts 
taken out to hedge transactional 
exposures in respect of sales.","Transactional foreign exchange losses of £0.3 million (2020: £1.1 million losses) were included in administrative expenses, whilst sales include a gain of £2.1 million (2020: £0.2 million gain) arising on forward exchange contracts taken out to hedge transactional exposures in respect of sales.",49,41.7614,"foreign, contracts, forward, hedge"
"Net investment hedge accounting
The Group uses Euro-denominated borrowings as a hedge against the translation exposure on the Group’s net investment 
in overseas companies.",Net investment hedge accounting The Group uses Euro-denominated borrowings as a hedge against the translation exposure on the Group’s net investment in overseas companies.,139,41.891994,"exposure, hedge"
"Financial risk management
The Group’s multinational operations and debt financing expose it to a variety of financial risks.",Financial risk management The Group’s multinational operations and debt financing expose it to a variety of financial risks.,176,43.22731,risk
"In countries 
where the Group does not have operations, it invariably has some customers or suppliers that transact in a foreign  
currency.","In countries where the Group does not have operations, it invariably has some customers or suppliers that transact in a foreign currency.",176,44.36573,foreign
"The Group is exposed to credit risk on financial 
assets such as cash balances, derivative financial instruments and trade and other receivables.","The Group is exposed to credit risk on financial assets such as cash balances, derivative financial instruments and trade and other receivables.",177,44.61001,risk
"Non-monetary assets and liabilities denominated in foreign currencies that are stated at historical 
cost are translated to the functional currency at the foreign exchange rate ruling at the date of the transaction.",Non-monetary assets and liabilities denominated in foreign currencies that are stated at historical cost are translated to the functional currency at the foreign exchange rate ruling at the date of the transaction.,195,45.335545,"currencies, foreign, rate, currency"
"Non-monetary assets and liabilities denominated in foreign currencies 
that are stated at historical cost are translated to the functional currency at the foreign exchange rate ruling at the date  
of the transaction.",Non-monetary assets and liabilities denominated in foreign currencies that are stated at historical cost are translated to the functional currency at the foreign exchange rate ruling at the date of the transaction.,138,45.335545,"currencies, foreign, rate, currency"
"The quantitative analysis of foreign currency risk is included in 
note 27.",The quantitative analysis of foreign currency risk is included in note 27.,176,45.36287,"risk, foreign, currency"
"The following tables detail the foreign currency forward contracts outstanding at the end of the reporting period,  
as well as information regarding their related hedged items.","The following tables detail the foreign currency forward contracts outstanding at the end of the reporting period, as well as information regarding their related hedged items.",177,45.401962,"currency, foreign, contracts, forward"
"At 31 
December 2021, approximately 66% of 
the estimated transactional exposures 
for 2022 of £145.3 million were hedged 
using forward exchange contracts, 
mainly against Sterling, the Euro, US 
Dollar and Danish Krone.","At 31 December 2021, approximately 66% of the estimated transactional exposures for 2022 of £145.3 million were hedged using forward exchange contracts, mainly against Sterling, the Euro, US Dollar and Danish Krone.",49,45.558186,forward
"Financial risk management continued
The main potential source of hedge ineffectiveness in these hedging relationships is the effect of the counterparty and  
the Group’s own credit risk on the fair value of the forward contracts, which is not reflected in the fair value of the  
hedged item attributable to changes in foreign exchange rates.","Financial risk management continued The main potential source of hedge ineffectiveness in these hedging relationships is the effect of the counterparty and the Group’s own credit risk on the fair value of the forward contracts, which is not reflected in the fair value of the hedged item attributable to changes in foreign exchange rates.",177,45.570904,"risk, foreign, hedging, forward, hedge"
"2021
(average)
1.38
1.16
8.87

2020
(average)
1.28
1.12
8.85

Change
8%
4%
–

2021
(closing)
1.35
1.19
8.57

2020
(closing)
1.37
1.11
8.92

Change
(1%)
7%
(4%)

Currency 
The Group has both translational and 
transactional currency exposures.",2021 (average) 1.38 1.16 8.87 2020 (average) 1.28 1.12 8.85 Change 8% 4% – 2021 (closing) 1.35 1.19 8.57 2020 (closing) 1.37 1.11 8.92 Change (1%) 7% (4%) Currency The Group has both translational and transactional currency exposures.,49,46.660744,currency
"These 
policies are implemented by a central treasury department that has formal procedures to manage foreign exchange risk, 
interest rate risk and liquidity risk, including, where appropriate, the use of derivative financial instruments.","These policies are implemented by a central treasury department that has formal procedures to manage foreign exchange risk, interest rate risk and liquidity risk, including, where appropriate, the use of derivative financial instruments.",176,46.705173,"risk, foreign, rate"
"Basis of preparation and summary of significant accounting policies continued
Foreign currency translation
The functional currency for each entity in the Group is determined with reference to the currency of the primary economic 
environment in which it operates.",Basis of preparation and summary of significant accounting policies continued Foreign currency translation The functional currency for each entity in the Group is determined with reference to the currency of the primary economic environment in which it operates.,138,46.839382,currency
"Statutory profit before tax of £388.6 
million (2020: £4.1 million loss before 
tax) is calculated after a £226.5 million 
profit on disposal of businesses, which 
predominantly arose on the disposal  
of Brüel & Kjær Vibro in the first half  
of the year and NDC Technologies in 
early November, and a net finance 
credit of £7.2 million (2020: £8.4 million 
charge), which includes £7.2 million 
foreign exchange gains (2020: £0.8 
million charge) and a £5.1 million 
interest credit on release of a provision 
on settlement of an EU dividends  
tax claim.","Statutory profit before tax of £388.6 million (2020: £4.1 million loss before tax) is calculated after a £226.5 million profit on disposal of businesses, which predominantly arose on the disposal of Brüel & Kjær Vibro in the first half of the year and NDC Technologies in early November, and a net finance credit of £7.2 million (2020: £8.4 million charge), which includes £7.2 million foreign exchange gains (2020: £0.8 million charge) and a £5.1 million interest credit on release of a provision on settlement of an EU dividends tax claim.",47,46.97046,foreign
"Exchange gains and losses on settlement of foreign currency transactions are determined using the rate prevailing at the 
date of the transactions, or the translation of monetary assets and liabilities at period end exchange rates and are charged/
credited to the Consolidated Income Statement.","Exchange gains and losses on settlement of foreign currency transactions are determined using the rate prevailing at the date of the transactions, or the translation of monetary assets and liabilities at period end exchange rates and are charged/ credited to the Consolidated Income Statement.",138,47.00202,"currency, foreign, rate"
"Hedging reserve
This reserve records the cumulative net change in the fair value of forward exchange contracts where they are designated 
as effective cash flow hedge relationships.",Hedging reserve This reserve records the cumulative net change in the fair value of forward exchange contracts where they are designated as effective cash flow hedge relationships.,166,47.510883,"contracts, forward, hedge"
"Hedging instruments – outstanding contracts

Cash flow hedges
Currency risk – forward exchange contracts
Less than 6 months
6 to 12 months
12 to 18 months

Hedging instruments – hedged items

Currency risk
Forecast sales

Change in fair value for 
recognising hedge ineffectiveness
2020 
£m

2021 
£m

Carrying amount of  
the hedging instruments
2020 
£m

2021 
£m

(0.3)
(0.6)
–
(0.9)

1.3
0.4
0.1
1.8

(0.3)
(0.6)
–
(0.9)

1.3
0.4
0.1
1.8

Change in value used for 
calculating hedge effectiveness
2020 
£m

2021 
£m

Balance in cash flow hedge 
reserve/foreign currency 
translation reserve  
for continuing hedges
2021 
2020 
£m
£m

0.9

(1.8)

0.9

(1.8)

Interest rate risk
Interest rate risk comprises both the interest rate price risk that results from borrowing at fixed rates of interest and also the 
interest cash flow risk that results from borrowing at variable rates.",Hedging instruments – outstanding contracts Cash flow hedges Currency risk – forward exchange contracts Less than 6 months 6 to 12 months 12 to 18 months Hedging instruments – hedged items Currency risk Forecast sales Change in fair value for recognising hedge ineffectiveness 2020 £m 2021 £m Carrying amount of the hedging instruments 2020 £m 2021 £m (0.3) (0.6) – (0.9) 1.3 0.4 0.1 1.8 (0.3) (0.6) – (0.9) 1.3 0.4 0.1 1.8 Change in value used for calculating hedge effectiveness 2020 £m 2021 £m Balance in cash flow hedge reserve/foreign currency translation reserve for continuing hedges 2021 2020 £m £m 0.9 (1.8) 0.9 (1.8) Interest rate risk Interest rate risk comprises both the interest rate price risk that results from borrowing at fixed rates of interest and also the interest cash flow risk that results from borrowing at variable rates.,177,47.833374,"risk, hedges, hedging, currency, contracts, forward, hedge, rate"
"The Group’s maximum exposure to credit risk is represented by the carrying amount of each financial asset, including 
derivative financial instruments, as shown in note 27.","The Group’s maximum exposure to credit risk is represented by the carrying amount of each financial asset, including derivative financial instruments, as shown in note 27.",177,47.862164,"risk, exposure"
"Exchange 
gains and losses on settlement of foreign currency transactions are translated at the rate prevailing at the date of the 
transactions, or the translation of monetary assets and liabilities at period end exchange rates, and are charged/credited to 
the Income Statement.","Exchange gains and losses on settlement of foreign currency transactions are translated at the rate prevailing at the date of the transactions, or the translation of monetary assets and liabilities at period end exchange rates, and are charged/credited to the Income Statement.",195,48.14846,"currency, foreign, rate"
"Interest rate exposure of financial 
assets and liabilities by currency
Sterling
Euro
US Dollar
Other

Interest rate exposure of financial 
assets and liabilities by currency
Sterling
Euro
US Dollar
Other

Financial assets

Non 
interest 
bearing 
£m
5.0
16.6
20.8
23.6
66.0

Total 
£m
67.5
18.0
31.7
50.6
167.8

Fixed rate 
£m
 –
 –
 –
 –
 –

Financial assets

Non 
interest 
bearing 
£m
4.4
12.1
21.4
22.2
60.1

Total 
£m
112.1
24.7
22.0
52.1
210.9

Fixed rate 
£m
 –
 (104.5)
 –
 –
 (104.5)

Floating 
rate 
£m
 –
 –
 –
 –
 –

Floating 
rate 
£m
 –
 –
 –
 (0.3)
 (0.3)

Floating  
rate 
£m
60.1
1.1
10.6
26.9
98.7

Floating  
rate 
£m
77.7
12.1
0.6
17.8
108.2

Financial liabilities

2021 
Net financial 
assets 
£m
67.5
18.0
31.7
50.6
167.8

Total 
£m
 –
 –
 –
 –
 –

Financial liabilities

2020 
Net financial 
assets/ 
(liabilities) 
£m
112.1
 (79.8)
22.0
51.8
106.1

Total 
£m
 –
 (104.5)
 –
 (0.3)
 (104.8)

Fixed rate 
£m
2.4
0.3
0.3
0.1
3.1

Fixed rate 
£m
30.0
0.5
 –
12.1
42.6

Sensitivity analysis
The tables below show the Group’s sensitivity to foreign exchange rates and interest rates.",Interest rate exposure of financial assets and liabilities by currency Sterling Euro US Dollar Other Interest rate exposure of financial assets and liabilities by currency Sterling Euro US Dollar Other Financial assets Non interest bearing £m 5.0 16.6 20.8 23.6 66.0 Total £m 67.5 18.0 31.7 50.6 167.8 Fixed rate £m – – – – – Financial assets Non interest bearing £m 4.4 12.1 21.4 22.2 60.1 Total £m 112.1 24.7 22.0 52.1 210.9 Fixed rate £m – (104.5) – – (104.5) Floating rate £m – – – – – Floating rate £m – – – (0.3) (0.3) Floating rate £m 60.1 1.1 10.6 26.9 98.7 Floating rate £m 77.7 12.1 0.6 17.8 108.2 Financial liabilities 2021 Net financial assets £m 67.5 18.0 31.7 50.6 167.8 Total £m – – – – – Financial liabilities 2020 Net financial assets/ (liabilities) £m 112.1 (79.8) 22.0 51.8 106.1 Total £m – (104.5) – (0.3) (104.8) Fixed rate £m 2.4 0.3 0.3 0.1 3.1 Fixed rate £m 30.0 0.5 – 12.1 42.6 Sensitivity analysis The tables below show the Group’s sensitivity to foreign exchange rates and interest rates.,181,48.32612,"currency, foreign, rate, exposure"
"Impact on foreign exchange translational exposures against Sterling
10% weakening in the US Dollar 
10% weakening in the Euro/Danish Krone
10% weakening in the Chinese Yuan Renminbi

Impact of interest rate movements 
1pp increase in interest rates

2021
Decrease/
(increase)  
in profit  
before tax 
£m
6.5
6.8
1.9

Decrease/
(increase)  
in equity 
£m
88.3
67.5
5.3

2020
Decrease/
(increase)  
in profit  
before tax 
£m
7.0
7.3
1.9

Decrease/
(increase)  
in equity 
£m
88.6
62.7
5.1

 (1.0)

 (1.0)

 (1.1)

 (1.1)

28.",Impact on foreign exchange translational exposures against Sterling 10% weakening in the US Dollar 10% weakening in the Euro/Danish Krone 10% weakening in the Chinese Yuan Renminbi Impact of interest rate movements 1pp increase in interest rates 2021 Decrease/ (increase) in profit before tax £m 6.5 6.8 1.9 Decrease/ (increase) in equity £m 88.3 67.5 5.3 2020 Decrease/ (increase) in profit before tax £m 7.0 7.3 1.9 Decrease/ (increase) in equity £m 88.6 62.7 5.1 (1.0) (1.0) (1.1) (1.1) 28.,181,48.701973,"foreign, rate"
"During the year, currency translation 
effects resulted in adjusted operating 
profit being £11.0 million lower (2020: 
£0.8 million higher) than it would have 
been if calculated using prior year 
exchange rates.","During the year, currency translation effects resulted in adjusted operating profit being £11.0 million lower (2020: £0.8 million higher) than it would have been if calculated using prior year exchange rates.",49,48.813667,currency
"The following table shows the total outstanding contractual forward exchange contracts hedging designated transactional 
exposures split by currencies which have been sold back into the functional currency of the underlying business.",The following table shows the total outstanding contractual forward exchange contracts hedging designated transactional exposures split by currencies which have been sold back into the functional currency of the underlying business.,180,49.310543,"currencies, hedging, currency, contracts, forward"
"Monetary assets and liabilities denominated in foreign 
currencies are retranslated at the rate of exchange ruling at the Consolidated Statement of Financial Position date.",Monetary assets and liabilities denominated in foreign currencies are retranslated at the rate of exchange ruling at the Consolidated Statement of Financial Position date.,138,49.31777,"currencies, foreign, rate"
"Monetary assets and liabilities denominated in 
foreign currencies are retranslated at the rate of exchange ruling at the Statement of Financial Position date.",Monetary assets and liabilities denominated in foreign currencies are retranslated at the rate of exchange ruling at the Statement of Financial Position date.,195,49.325497,"currencies, foreign, rate"
"As at 31 December 2021, 
the Group had £370.3 million of 
committed facilities, consisting entirely 
of a $500 million multi-currency 
revolving credit facility (‘RCF’)  

Adjusted cash flow

Adjusted operating profit
Adjusted depreciation and software amortisation1
Working capital and other non-cash movements
Capital expenditure, net of government grants
Adjusted cash flow
Adjusted cash flow conversion

Other cash flows and foreign exchange

Tax paid 
Net interest paid on cash and borrowings
Dividends paid
Share buyback
Acquisition of businesses, net of cash acquired
Transaction-related costs paid

Proceeds from disposal/(Purchase of) equity investments

Proceeds from disposal of businesses, net of tax paid of  

£nil (2020: £2.3 million)

Loan repaid by joint venture
SaaS-related cash expenditure
Lease payments and associated interest
Restructuring costs paid
Net proceeds from exercise of share options
Total other cash flows
Adjusted cash flow 
Foreign exchange
Increase in net cash

2021
£m
209.4
37.3
(10.7)
(35.3)
200.7
96%

2021
£m
(32.2)
(2.9)
(79.0)
(201.3)
(135.5)
(26.5)

38.3

333.7
–
(5.9)
(14.8)
(11.9)
0.3
(137.7)
200.7
(1.3)
61.7

2020
£m
173.6
60.7
53.1
(42.9)
244.5
141%

2020
£m
(28.6)
(4.5)
(75.7)
–
(10.9)
(13.6)

(15.2)

20.6
3.0
–
(21.6)
(15.1)
0.3
(161.3)
244.5
(10.6)
72.6

1.","As at 31 December 2021, the Group had £370.3 million of committed facilities, consisting entirely of a $500 million multi-currency revolving credit facility (‘RCF’) Adjusted cash flow Adjusted operating profit Adjusted depreciation and software amortisation1 Working capital and other non-cash movements Capital expenditure, net of government grants Adjusted cash flow Adjusted cash flow conversion Other cash flows and foreign exchange Tax paid Net interest paid on cash and borrowings Dividends paid Share buyback Acquisition of businesses, net of cash acquired Transaction-related costs paid Proceeds from disposal/(Purchase of) equity investments Proceeds from disposal of businesses, net of tax paid of £nil (2020: £2.3 million) Loan repaid by joint venture SaaS-related cash expenditure Lease payments and associated interest Restructuring costs paid Net proceeds from exercise of share options Total other cash flows Adjusted cash flow Foreign exchange Increase in net cash 2021 £m 209.4 37.3 (10.7) (35.3) 200.7 96% 2021 £m (32.2) (2.9) (79.0) (201.3) (135.5) (26.5) 38.3 333.7 – (5.9) (14.8) (11.9) 0.3 (137.7) 200.7 (1.3) 61.7 2020 £m 173.6 60.7 53.1 (42.9) 244.5 141% 2020 £m (28.6) (4.5) (75.7) – (10.9) (13.6) (15.2) 20.6 3.0 – (21.6) (15.1) 0.3 (161.3) 244.5 (10.6) 72.6 1.",48,49.546055,foreign
